Name,Grade,Nb Comment,Adress,Url
Centre Dentaire Paris 18 La Chapelle : Dentiste La Chapelle - Dentego,"3,3",(185),Dentiste Â· 4 Rue de la Chapelle,"https://www.google.fr/maps/search/dentiste+Paris+/@48.8585876,2.3026287,13z"
Avec mon dentiste Ã  Paris 17 - RDV en ligne,"3,3",(73),Dentiste Â· 68 Rue Bayen,"https://www.google.fr/maps/search/dentiste+Paris+/@48.8585876,2.3026287,13z"
Dr Touitou Thierry dentiste Paris 4,"3,3",(18),Dentiste Â· 12-14 Rue Saint-Antoine,"https://www.google.fr/maps/search/dentiste+Paris+/@48.8585876,2.3026287,13z"
Docteur Joseph Derhy - Chirurgien-Dentiste - Implantologue et Parodontologue - Paris 17,"3,3",(15),Dentiste Â· 18-22 Bd BessiÃ¨res,"https://www.google.fr/maps/search/dentiste+Paris+/@48.8585876,2.3026287,13z"
Dentiste Paris 8 Yves SAADA Implant dentaire Blanchiment dentaires Facettes,"3,3",(12),Dentiste Â· 18 Av. de Friedland,"https://www.google.fr/maps/search/dentiste+Paris+/@48.8585876,2.3026287,13z"
Centre Dentaire Paris 14 Porte d'OrlÃ©ans : Dentiste Paris - Dentego,"3,4",(259),Dentiste Â· 111 Av. du GÃ©nÃ©ral Leclerc,"https://www.google.fr/maps/search/dentiste+Paris+/@48.8585876,2.3026287,13z"
Centre Dentaire Paris 13 Porte dâ€™Italie : Dentiste Paris,"3,4",(255),Dentiste Â· 188 Av. d'Italie,"https://www.google.fr/maps/search/dentiste+Paris+/@48.8585876,2.3026287,13z"
Centre Dentaire Paris 4 HÃ´tel de Ville : Dentiste et Cabinet d'orthodontie Paris - Dentego,"3,5",(216),Dentiste Â· 23 Rue du Renard,"https://www.google.fr/maps/search/dentiste+Paris+/@48.8585876,2.3026287,13z"
Centre dentaire Paris 9 - Smile-only - Maubeuge,"3,5",(65),Dentiste Â· 35 Rue de Maubeuge,"https://www.google.fr/maps/search/dentiste+Paris+/@48.8585876,2.3026287,13z"
Cosem - Centre dentaire Magenta,"3,5",(413),Dentiste Â· 124 bis Bd de Magenta,"https://www.google.fr/maps/search/dentiste+Paris+/@48.8585876,2.3026287,13z"
Cabinet dentaire,"3,5",(36),Dentiste Â· 37 Rue Charcot,"https://www.google.fr/maps/search/dentiste+Paris+/@48.8585876,2.3026287,13z"
Centre Dentaire Montreuil : Dentiste Montreuil,"3,5",(104),Dentiste Â· 72 Rue de Paris,"https://www.google.fr/maps/search/dentiste+Paris+/@48.8585876,2.3026287,13z"
Centre Dentaire Paris 17 Champerret : Dentiste et Cabinet d'orthodontie Paris - Dentego,"3,6",(329),Dentiste Â· 60 Rue Laugier,"https://www.google.fr/maps/search/dentiste+Paris+/@48.8585876,2.3026287,13z"
Centre de SantÃ© Dentaire Dugommier - Dentiste Paris 12,"3,6",(96),Dentiste Â· 250 Rue de Charenton,"https://www.google.fr/maps/search/dentiste+Paris+/@48.8585876,2.3026287,13z"
Centre Dentaire Paris 11 Voltaire : Dentiste et Cabinet d'orthodontie Paris - Dentego,"3,7",(283),Dentiste Â· 115 Bd Voltaire,"https://www.google.fr/maps/search/dentiste+Paris+/@48.8585876,2.3026287,13z"
Centre Dentaire - Paris 8 Saint Lazare - Dentiste - Dentalplan,"3,7",(160),Dentiste Â· 23 Rue de Rome,"https://www.google.fr/maps/search/dentiste+Paris+/@48.8585876,2.3026287,13z"
Centre Dentaire Paris 20 Petit Pelleport : Dentiste & PÃ©dodontistes Paris - Dentego,"3,7",(73),Dentiste Â· 60 Rue Pelleport,"https://www.google.fr/maps/search/dentiste+Paris+/@48.8585876,2.3026287,13z"
Centre Dentaire Paris 19 - Urgence Dentaire - Orthodontie - Blanchiment Dentaire,"3,7",(107),Dentiste Â· 63 Rue Manin,"https://www.google.fr/maps/search/dentiste+Paris+/@48.8585876,2.3026287,13z"
Centre Dentaire Notre Dame de Lorette,"3,7",(89),Dentiste Â· 13 Pl. Kossuth,"https://www.google.fr/maps/search/dentiste+Paris+/@48.8585876,2.3026287,13z"
Dr HAAS - Dentiste Paris 9 75009,"3,7",(15),Dentiste Â· 11 Rue La Fayette,"https://www.google.fr/maps/search/dentiste+Paris+/@48.8585876,2.3026287,13z"
Centre Dentaire BarbÃ¨s - Paris 18 : Dentiste BarbÃ¨s - Dentego,"3,8",(295),Dentiste Â· 49 Bd BarbÃ¨s,"https://www.google.fr/maps/search/dentiste+Paris+/@48.8585876,2.3026287,13z"
Centre Dentaire Paris 15 Lecourbe : Dentiste Paris - Dentego,"3,8",(122),Dentiste Â· 42 Rue Lecourbe,"https://www.google.fr/maps/search/dentiste+Paris+/@48.8585876,2.3026287,13z"
Avec mon dentiste Ã  Paris 8 - RDV en ligne,"3,8",(12),Dentiste Â· 46 Rue de Londres,"https://www.google.fr/maps/search/dentiste+Paris+/@48.8585876,2.3026287,13z"
Dr Guerin Thierry,"3,8",(25),Dentiste Â· 25 Rue des Petits HÃ´tels,"https://www.google.fr/maps/search/dentiste+Paris+/@48.8585876,2.3026287,13z"
Dr Sophie BOYER,"3,8",(24),Dentiste Â· 93 Av. Ledru Rollin,"https://www.google.fr/maps/search/dentiste+Paris+/@48.8585876,2.3026287,13z"
Centre Dentaire Paris OpÃ©ra Pyramides,"3,9",(359),Dentiste Â· 13 Av. de l'OpÃ©ra,"https://www.google.fr/maps/search/dentiste+Paris+/@48.8585876,2.3026287,13z"
Place dentaire Saint Antoine - centre dentaire Paris - orthodontie,"3,9",(77),Dentiste Â· 238 bis Rue du Faubourg Saint-Antoine,"https://www.google.fr/maps/search/dentiste+Paris+/@48.8585876,2.3026287,13z"
Dr Marc Cohen - Dentiste Paris 9,"3,9",(100),Dentiste Â· 94 Rue Saint-Lazare,"https://www.google.fr/maps/search/dentiste+Paris+/@48.8585876,2.3026287,13z"
"Centre Dentaire - Paris 9e, Lafayette","3,9",(11),Dentiste Â· 41 Rue La Fayette,"https://www.google.fr/maps/search/dentiste+Paris+/@48.8585876,2.3026287,13z"
Centre Dentaire et d'Ophtalmologie Paris 18 Mairie - Dentylis,"3,9",(55),Dentiste Â· 2 Rue du Poteau,"https://www.google.fr/maps/search/dentiste+Paris+/@48.8585876,2.3026287,13z"
Centre Dentaire Paris 20 Grand Pelleport : Dentiste Paris - Dentego,"4,0",(248),Dentiste Â· 62 Rue Pelleport,"https://www.google.fr/maps/search/dentiste+Paris+/@48.8585876,2.3026287,13z"
Cabinet Dentaire George V - Urgence dentaire - Implant dentaire - Dentiste Paris 8,"4,0",(47),Cabinet dentaire Â· 45 Av. George V,"https://www.google.fr/maps/search/dentiste+Paris+/@48.8585876,2.3026287,13z"
Dr Fitoussi Jean-Charles - Dentiste Paris 12,"4,0",(32),Dentiste Â· 22 Rue Taine,"https://www.google.fr/maps/search/dentiste+Paris+/@48.8585876,2.3026287,13z"
Les Chirurgiens-Dentistes Paris RÃ©publique,"4,0",(27),Cabinet dentaire Â· 48 Rue de Malte,"https://www.google.fr/maps/search/dentiste+Paris+/@48.8585876,2.3026287,13z"
Docali Paris - Centre dentaire Belleville,"4,0",(309),Dentiste Â· 30 Bd de Belleville,"https://www.google.fr/maps/search/dentiste+Paris+/@48.8585876,2.3026287,13z"
Centre Dentaire - Paris 2 OpÃ©ra - Dentiste - Dentalplan,"4,0",(109),Dentiste Â· 26 Rue du 4 septembre,"https://www.google.fr/maps/search/dentiste+Paris+/@48.8585876,2.3026287,13z"
Dr Julia SATE,"4,0",(4),Dentiste Â· 41 Rue des Archives,"https://www.google.fr/maps/search/dentiste+Paris+/@48.8585876,2.3026287,13z"
Dr Fabien Mauro,"4,0",(132),Dentiste Â· 18 R. de Turbigo,"https://www.google.fr/maps/search/dentiste+Paris+/@48.8585876,2.3026287,13z"
Dr Jean-Michel Stroumza Dentiste Paris 8,"4,0",(13),Dentiste Â· 110 Rue La BoÃ©tie,"https://www.google.fr/maps/search/dentiste+Paris+/@48.8585876,2.3026287,13z"
Dr Joseph Derhy,"4,0",(4),Dentiste Â· 3 Av. Van Dyck,"https://www.google.fr/maps/search/dentiste+Paris+/@48.8585876,2.3026287,13z"
Centre Dentaire Paris 10 Gare du Nord : Dentiste et Cabinet d'orthodontie Paris - Dentego,"4,1",(202),Dentiste Â· 10 Rue de Valenciennes,"https://www.google.fr/maps/search/dentiste+Paris+/@48.8585876,2.3026287,13z"
Centre Dentaire Paris 16 Passy : Dentiste Paris - Dentego,"4,1",(84),Dentiste Â· 19 Rue de Passy,"https://www.google.fr/maps/search/dentiste+Paris+/@48.8585876,2.3026287,13z"
Dentiste Paris 13 Bismuth,"4,1",(123),Dentiste Â· 54 Rue de Tolbiac,"https://www.google.fr/maps/search/dentiste+Paris+/@48.8585876,2.3026287,13z"
Docteur Gabriel Wahnich,"4,1",(127),Dentiste Â· 83 Rue Jouffroy d'Abbans,"https://www.google.fr/maps/search/dentiste+Paris+/@48.8585876,2.3026287,13z"
Centre Dentaire Paris 20 Orteaux : Dentiste et Implantologue Paris,"4,2",(308),Dentiste Â· 46 Rue des Orteaux,"https://www.google.fr/maps/search/dentiste+Paris+/@48.8585876,2.3026287,13z"
Cabinet dentaire Paris Montparnasse,"4,2",(17),Cabinet dentaire Â· 5 Av. du Maine,"https://www.google.fr/maps/search/dentiste+Paris+/@48.8585876,2.3026287,13z"
Centre Dentaire - Paris 8 Hausmann - Dentiste - Dentalplan,"4,2",(30),Dentiste Â· 12 Rue de l'Isly,"https://www.google.fr/maps/search/dentiste+Paris+/@48.8585876,2.3026287,13z"
Centre dentaire Paris 5 Saint Michel Luxembourg :Dentistes - Dentylis,"4,2",(172),Dentiste Â· 105 Bd Saint-Michel,"https://www.google.fr/maps/search/dentiste+Paris+/@48.8585876,2.3026287,13z"
Centre Dentaire Paris 2 Grands Boulevards : Dentiste et Cabinet d'orthodontie Paris - Dentego,"4,3",(221),Dentiste Â· 13 Bd Montmartre,"https://www.google.fr/maps/search/dentiste+Paris+/@48.8585876,2.3026287,13z"
Clinique Dentaire Marcadet - Dentiste Paris 18 - Orthodontie invisible Invisalign - Implant dentaire,"4,3",(346),Dentiste Â· 243 Rue Marcadet,"https://www.google.fr/maps/search/dentiste+Paris+/@48.8585876,2.3026287,13z"
Centre Dentaire Paris 12 Gare de Lyon : Dentiste et Cabinet d'orthodontie Paris - Dentego,"4,3",(105),Dentiste Â· 5 Rue de Lyon,"https://www.google.fr/maps/search/dentiste+Paris+/@48.8585876,2.3026287,13z"
Centre dentaire et d'Ophtalmologie Paris 1 Turbigo ChÃ¢telet Les Halles - Dentylis,"4,3",(289),Dentiste Â· 7 R. de Turbigo,"https://www.google.fr/maps/search/dentiste+Paris+/@48.8585876,2.3026287,13z"
Dr Maud Panepucci,"4,3",(28),Dentiste Â· 36 Rue Lepic,"https://www.google.fr/maps/search/dentiste+Paris+/@48.8585876,2.3026287,13z"
Clinique dentaire La Fayette Dr Mbakam & AssociÃ©s Dentiste Paris 10,"4,3",(47),Dentiste Â· 207 Rue La Fayette,"https://www.google.fr/maps/search/dentiste+Paris+/@48.8585876,2.3026287,13z"
Dentiste Paris 18 Ã¨me - Drs Schmuckler - Vantalon - Kaabar - Cornec -Kechekar - Kakiche,"4,4",(17),Dentiste Â· 14 Rue Ramey,"https://www.google.fr/maps/search/dentiste+Paris+/@48.8585876,2.3026287,13z"
Centre MÃ©dical et Dentaire Paris 10 MEDIDENT - Colonel Fabien,"4,4",(266),Dentiste Â· 6 Rue Albert Camus,"https://www.google.fr/maps/search/dentiste+Paris+/@48.8585876,2.3026287,13z"
Centre de santÃ© dentaire et mÃ©dical Paris 11 Richard Lenoir - Dentiste Paris,"4,4",(293),Dentiste Â· 48 Rue Saint-SÃ©bastien,"https://www.google.fr/maps/search/dentiste+Paris+/@48.8585876,2.3026287,13z"
Centre Dentaire PyrÃ©nÃ©es Maraichers Paris 20,"4,4",(425),Dentiste Â· 77 Rue des PyrÃ©nÃ©es,"https://www.google.fr/maps/search/dentiste+Paris+/@48.8585876,2.3026287,13z"
Dr OBADIA Julien,"4,4",(28),Dentiste Â· 28 Rue de Rivoli,"https://www.google.fr/maps/search/dentiste+Paris+/@48.8585876,2.3026287,13z"
Dr Lascar Benjamin,"4,4",(23),Dentiste Â· 5 Pl. des FÃªtes,"https://www.google.fr/maps/search/dentiste+Paris+/@48.8585876,2.3026287,13z"
Dentiste Paris 20 Espace MÃ©dico dentaire Charonne du Dr Olivier Maarek - PÃ¨re-Lachaise Limite Paris 11 - Implant dentaire,"4,4",(25),Dentiste Â· 192 Boulevard de Charonne,"https://www.google.fr/maps/search/dentiste+Paris+/@48.8585876,2.3026287,13z"
Clinique Dentaire Notre Dame Des Champs,"4,4",(13),Dentiste Â· 76 Rue Notre Dame des Champs,"https://www.google.fr/maps/search/dentiste+Paris+/@48.8585876,2.3026287,13z"
Dr Leon Amzalag - Dentiste Paris 2 - Implant dentaire et soins esthÃ©tiques,"4,4",(45),Dentiste Â· 15 Rue Gaillon,"https://www.google.fr/maps/search/dentiste+Paris+/@48.8585876,2.3026287,13z"
Centre dentaire et Ophtalmologie Paris 10 Belleville - Dentylis,"4,4",(185),Dentiste Â· 137 Rue du Faubourg du Temple,"https://www.google.fr/maps/search/dentiste+Paris+/@48.8585876,2.3026287,13z"
Dr David Azria - Dentiste Paris 19 - Facettes dentaires - Implant et prothÃ¨se dentaire - Invisalign - Parodontie,"4,5",(208),Dentiste Â· 65 Rue d'Hautpoul,"https://www.google.fr/maps/search/dentiste+Paris+/@48.8585876,2.3026287,13z"
Dr Karine MERIDJEN - Dentiste Paris 4 - Invisalign,"4,5",(29),Dentiste Â· 8 Rue de Jarente,"https://www.google.fr/maps/search/dentiste+Paris+/@48.8585876,2.3026287,13z"
Centre Dentaire Paris 3 RÃ©publique Saint-Martin - Dentylis,"4,5",(96),Dentiste Â· 3 Bd Saint-Martin,"https://www.google.fr/maps/search/dentiste+Paris+/@48.8585876,2.3026287,13z"
Centre dentaire Paris 15 Grenelle : Dentistes - Dentylis,"4,5",(123),Dentiste Â· 42 Bd de Grenelle,"https://www.google.fr/maps/search/dentiste+Paris+/@48.8585876,2.3026287,13z"
Chirurgien Dentiste Paris 9 Dr Carole Ancona-Zalcberg,"4,5",(35),Dentiste Â· 82 Rue de Maubeuge,"https://www.google.fr/maps/search/dentiste+Paris+/@48.8585876,2.3026287,13z"
Dr JÃ©rÃ´me Weinman,"4,5",(140),Dentiste Â· 4 Rue de l'Arcade,"https://www.google.fr/maps/search/dentiste+Paris+/@48.8585876,2.3026287,13z"
Scm Capucines Dentaire,"4,6",(10),Dentiste Â· 14 Rue des Capucines,"https://www.google.fr/maps/search/dentiste+Paris+/@48.8585876,2.3026287,13z"
Dr Jacques Youssef Dentiste Paris 15 Implantologue,"4,6",(235),Dentiste Â· 26 bis Rue d'Alleray,"https://www.google.fr/maps/search/dentiste+Paris+/@48.8585876,2.3026287,13z"
"Clinadent - Centre Dentaire Paris 2, Louvre","4,6",(347),Dentiste Â· 33 Rue du Louvre,"https://www.google.fr/maps/search/dentiste+Paris+/@48.8585876,2.3026287,13z"
Clinadent - Centre dentaire Paris 16 Victor Hugo,"4,6",(545),Dentiste Â· 3 Pl. Victor Hugo,"https://www.google.fr/maps/search/dentiste+Paris+/@48.8585876,2.3026287,13z"
Centre Dentaire RÃ©publique Paris,"4,6",(559),Cabinet dentaire Â· 112 Av. de la RÃ©publique,"https://www.google.fr/maps/search/dentiste+Paris+/@48.8585876,2.3026287,13z"
CABINET DENTAIRE GAMBETTA,"4,6",(330),Cabinet dentaire Â· 2 Pl. Gambetta,"https://www.google.fr/maps/search/dentiste+Paris+/@48.8585876,2.3026287,13z"
Centre dentaire paris 16,"4,6",(46),Dentiste Â· 140 Av. Victor Hugo,"https://www.google.fr/maps/search/dentiste+Paris+/@48.8585876,2.3026287,13z"
Centre Dentaire Paris 15 Vaugirard - Dentylis,"4,6",(111),Dentiste Â· 237 Rue de Vaugirard,"https://www.google.fr/maps/search/dentiste+Paris+/@48.8585876,2.3026287,13z"
Docali Paris 20 - Centre dentaire Paris Davout,"4,6",(356),Dentiste Â· 103 Rue de Lagny,"https://www.google.fr/maps/search/dentiste+Paris+/@48.8585876,2.3026287,13z"
Dr Carel Nathalie,"4,6",(24),Dentiste Â· 12 Rue Chernoviz,"https://www.google.fr/maps/search/dentiste+Paris+/@48.8585876,2.3026287,13z"
Scm Capucines Dentaire,"4,6",(10),Dentiste Â· 14 Rue des Capucines,"https://www.google.fr/maps/search/dentiste+Paris+/@48.8585876,2.3026287,13z"
Dr Jonathan Revah - Dentiste Paris 15 - Facette Dentaire - Invisalign - Implant Dentaire,"4,6",(48),Dentiste Â· 103 Rue de l'AbbÃ© Groult,"https://www.google.fr/maps/search/dentiste+Paris+/@48.8585876,2.3026287,13z"
"Centre dentaire - orthodontie Ã  Paris 11, RÃ©publique - Nobel SantÃ© +","4,6",(62),Dentiste Â· 13 Av. de la RÃ©publique,"https://www.google.fr/maps/search/dentiste+Paris+/@48.8585876,2.3026287,13z"
Dr CAO NguyÃªt-HÃ¢n,"4,6",(11),Dentiste Â· 110 Rue de Montreuil,"https://www.google.fr/maps/search/dentiste+Paris+/@48.8585876,2.3026287,13z"
Dentiste Paris 16 Dr Sandy Cohen Implant dentaire Facettes Blanchiment Invisalign Parodontologie,"4,6",(151),Dentiste Â· 23 Av. Marceau,"https://www.google.fr/maps/search/dentiste+Paris+/@48.8585876,2.3026287,13z"
Place dentaire BarbÃ¨s - centre dentaire Paris 18,"4,7",(263),Dentiste Â· 23 Bd BarbÃ¨s,"https://www.google.fr/maps/search/dentiste+Paris+/@48.8585876,2.3026287,13z"
Dr. Orianne HouÃ«l,"4,7",(36),Dentiste Â· 4 Pl. Jacques Froment,"https://www.google.fr/maps/search/dentiste+Paris+/@48.8585876,2.3026287,13z"
Dr Pierre Bouchain - Dentiste,"4,7",(98),Dentiste Â· 71 Av. Franklin Delano Roosevelt,"https://www.google.fr/maps/search/dentiste+Paris+/@48.8585876,2.3026287,13z"
Dentiste Paris 17e - Dr COHEN JEAN MAURICE,"4,7",(109),Dentiste Â· 6 Rue Daubigny,"https://www.google.fr/maps/search/dentiste+Paris+/@48.8585876,2.3026287,13z"
Dr Jonathan Gucciardi - Dentiste Paris 6,"4,7",(188),Dentiste Â· 2 Pl. Saint-Sulpice,"https://www.google.fr/maps/search/dentiste+Paris+/@48.8585876,2.3026287,13z"
Elone Clinic,"4,7",(137),Dentiste Â· 83 Av. Foch,"https://www.google.fr/maps/search/dentiste+Paris+/@48.8585876,2.3026287,13z"
Dr. Ralph BADAOUI âœ¾ Dentiste EsthÃ©tique Paris,"4,7",(243),Dentiste Â· 8 Bd de la Madeleine,"https://www.google.fr/maps/search/dentiste+Paris+/@48.8585876,2.3026287,13z"
Chirurgien Dentiste Paris 17 - Cohen Guy,"4,7",(31),Dentiste Â· 3 Rue ThÃ©odore de Banville,"https://www.google.fr/maps/search/dentiste+Paris+/@48.8585876,2.3026287,13z"
Docteur Dan Rutbi - Dentiste Paris 6,"4,7",(116),Dentiste Â· 76 Rue Notre Dame des Champs,"https://www.google.fr/maps/search/dentiste+Paris+/@48.8585876,2.3026287,13z"
Dr Eric Sellam,"4,7",(26),Dentiste Â· 78 Rue TraversiÃ¨re,"https://www.google.fr/maps/search/dentiste+Paris+/@48.8585876,2.3026287,13z"
Dr Morgan Chicheportiche - Cabinet Dentaire SÃ¨vres-Babylone - Dentiste Paris 7,"4,7",(14),Dentiste Â· 14 Rue Chomel,"https://www.google.fr/maps/search/dentiste+Paris+/@48.8585876,2.3026287,13z"
Paris Dental Studios - MARAIS,"4,8",(166),Cabinet dentaire Â· 28 Rue Meslay,"https://www.google.fr/maps/search/dentiste+Paris+/@48.8585876,2.3026287,13z"
Centre dentaire Paris 10 Lafayette - Dentylis,"4,8",(369),Dentiste Â· 108 Rue La Fayette,"https://www.google.fr/maps/search/dentiste+Paris+/@48.8585876,2.3026287,13z"
Centre Dentaire et Ophtalmologie Paris 12 Ledru Rollin - Allergologie -Dentylis,"4,8",(335),Dentiste Â· 79 Av. Ledru Rollin,"https://www.google.fr/maps/search/dentiste+Paris+/@48.8585876,2.3026287,13z"
Cabinet Dentaire de l'Avenue,"4,8",(344),Dentiste Â· 139 Av. de France,"https://www.google.fr/maps/search/dentiste+Paris+/@48.8585876,2.3026287,13z"
Drs P. Belorgey Dr D. Taieb,"4,8",(69),Dentiste Â· 58 Bd de Picpus,"https://www.google.fr/maps/search/dentiste+Paris+/@48.8585876,2.3026287,13z"
Dr. Pascal Touchard,"4,8",(44),Dentiste Â· 133 Av. FÃ©lix Faure,"https://www.google.fr/maps/search/dentiste+Paris+/@48.8585876,2.3026287,13z"
Dr Ludovic Ache - Dentiste Ã  Paris (75016),"4,8",(87),Dentiste Â· 5 Rue de la Pompe,"https://www.google.fr/maps/search/dentiste+Paris+/@48.8585876,2.3026287,13z"
Dr Agathe ROBERDET,"4,8",(75),Dentiste Â· 15 Rue du Louvre,"https://www.google.fr/maps/search/dentiste+Paris+/@48.8585876,2.3026287,13z"
"Centre Dentaire & Orthodontie, Paris 10, Strasbourg Saint Denis - Nobel SantÃ© +","4,8",(73),Dentiste Â· 24 Boulevard St Denis,"https://www.google.fr/maps/search/dentiste+Paris+/@48.8585876,2.3026287,13z"
Dr Laura Zeitoun Saal - Dentiste Paris 8 - Fluorose Dentaire,"4,8",(167),Dentiste Â· 45 Av. George V,"https://www.google.fr/maps/search/dentiste+Paris+/@48.8585876,2.3026287,13z"
Docteur Anas Roumani Dentiste Paris 2,"4,8",(36),Dentiste Â· 6 Rue Feydeau,"https://www.google.fr/maps/search/dentiste+Paris+/@48.8585876,2.3026287,13z"
Dr Thierry Rouach,"4,9",(73),Cabinet dentaire Â· 24 Rue du Rocher,"https://www.google.fr/maps/search/dentiste+Paris+/@48.8585876,2.3026287,13z"
Cabinet dentaire rue Saint Fargeau du Dr Bellahsen Chantal,"4,9",(7),Dentiste Â· 32 Rue Saint-Fargeau,"https://www.google.fr/maps/search/dentiste+Paris+/@48.8585876,2.3026287,13z"
Dentiste Paris 13 - Corinne Bendayan,"5,0",(23),Dentiste Â· 17 Rue Bobillot,"https://www.google.fr/maps/search/dentiste+Paris+/@48.8585876,2.3026287,13z"
Centre Dentaire Lafayette Paris 10,"5,0",(15),Dentiste Â· 231 bis Rue La Fayette,"https://www.google.fr/maps/search/dentiste+Paris+/@48.8585876,2.3026287,13z"
Cabinet Dentaire d'AlÃ©sia - Dentiste Paris 14,"5,0",(10),Dentiste Â· 79 Av. du GÃ©nÃ©ral Leclerc,"https://www.google.fr/maps/search/dentiste+Paris+/@48.8585876,2.3026287,13z"
Cabinet dentaire Rivoli - Drs Benguigui et Houbani,"5,0",(18),Dentiste Â· 20 Rue de Rivoli,"https://www.google.fr/maps/search/dentiste+Paris+/@48.8585876,2.3026287,13z"
Dr Anneliese Stollmaier - Dentiste Paris 8,"5,0",(17),Dentiste Â· 72 Rue du Rocher,"https://www.google.fr/maps/search/dentiste+Paris+/@48.8585876,2.3026287,13z"
Dr Georges NASR,"5,0",(8),Dentiste Â· 7 Rue Legraverend,"https://www.google.fr/maps/search/dentiste+Paris+/@48.8585876,2.3026287,13z"
Centre dentaire bourse lovely smile Dentiste Paris 2 Implant dentaire Invisalign,"5,0",(5),Dentiste Â· 3 Rue du 4 septembre,"https://www.google.fr/maps/search/dentiste+Paris+/@48.8585876,2.3026287,13z"
Dr GaÃ«lle Serfaty Grin - Dentiste Paris 8,"5,0",(35),Dentiste Â· 18 Rue Tronchet,"https://www.google.fr/maps/search/dentiste+Paris+/@48.8585876,2.3026287,13z"
"Dr PhÅ“bÃ© Kamioner, Chirurgien Dentiste Ã  Paris 12 ðŸ¦·","5,0",(27),Dentiste Â· 80 Av. Ledru Rollin,"https://www.google.fr/maps/search/dentiste+Paris+/@48.8585876,2.3026287,13z"
Dentiste Paris 18 Centre medico-dentaire Myrha Paris 18 eme,"5,0",(1),Dentiste Â· 22 Rue Myrha,"https://www.google.fr/maps/search/dentiste+Paris+/@48.8585876,2.3026287,13z"
Dr Hamitouche,"5,0",(44),Dentiste Â· 1bis Rue des Couronnes,"https://www.google.fr/maps/search/dentiste+Paris+/@48.8585876,2.3026287,13z"
